"행정구역별(시군구)",2015,2015,2015,2015,2015,2015,2015,2015,2015,2015,2015,2015,2015,2015,2015,2015,2015,2015,2015,2015,2015,2015,2015,2015,2015,2015,2015,2015,2015,2015,2015,2015,2015,2015,2015,2015,2015,2015,2015,2015,2015,2015,2015,2015,2015,2015,2015,2015,2015,2015,2015,2015,2016,2016,2016,2016,2016,2016,2016,2016,2016,2016,2016,2016,2016,2016,2016,2016,2016,2016,2016,2016,2016,2016,2016,2016,2016,2016,2016,2016,2016,2016,2016,2016,2016,2016,2016,2016,2016,2016,2016,2016,2016,2016,2016,2016,2016,2016,2016,2016,2016,2016,2016,2016,2017,2017,2017,2017,2017,2017,2017,2017,2017,2017,2017,2017,2017,2017,2017,2017,2017,2017,2017,2017,2017,2017,2017,2017,2017,2017,2017,2017,2017,2017,2017,2017,2017,2017,2017,2017,2017,2017,2017,2017,2017,2017,2017,2017,2017,2017,2017,2017,2017,2017,2017,2017,2018,2018,2018,2018,2018,2018,2018,2018,2018,2018,2018,2018,2018,2018,2018,2018,2018,2018,2018,2018,2018,2018,2018,2018,2018,2018,2018,2018,2018,2018,2018,2018,2018,2018,2018,2018,2018,2018,2018,2018,2018,2018,2018,2018,2018,2018,2018,2018,2018,2018,2018,2018,2019,2019,2019,2019,2019,2019,2019,2019,2019,2019,2019,2019,2019,2019,2019,2019,2019,2019,2019,2019,2019,2019,2019,2019,2019,2019,2019,2019,2019,2019,2019,2019,2019,2019,2019,2019,2019,2019,2019,2019,2019,2019,2019,2019,2019,2019,2019,2019,2019,2019,2019,2019,2020,2020,2020,2020,2020,2020,2020,2020,2020,2020,2020,2020,2020,2020,2020,2020,2020,2020,2020,2020,2020,2020,2020,2020,2020,2020,2020,2020,2020,2020,2020,2020,2020,2020,2020,2020,2020,2020,2020,2020,2020,2020,2020,2020,2020,2020,2020,2020,2020,2020,2020,2020,2021,2021,2021,2021,2021,2021,2021,2021,2021,2021,2021,2021,2021,2021,2021,2021,2021,2021,2021,2021,2021,2021,2021,2021,2021,2021,2021,2021,2021,2021,2021,2021,2021,2021,2021,2021,2021,2021,2021,2021,2021,2021,2021,2021,2021,2021,2021,2021,2021,2021,2021,2021,2022,2022,2022,2022,2022,2022,2022,2022,2022,2022,2022,2022,2022,2022,2022,2022,2022,2022,2022,2022,2022,2022,2022,2022,2022,2022,2022,2022,2022,2022,2022,2022,2022,2022,2022,2022,2022,2022,2022,2022,2022,2022,2022,2022,2022,2022,2022,2022,2022,2022,2022,2022
"행정구역별(시군구)",일반가구 (가구),일반가구원 (명),1세대가구-계 (가구),1세대가구원-계 (명),1세대가구-부부 (가구),1세대가구원-부부 (명),1세대가구-부부+미혼형제자매 (가구),1세대가구원-부부+미혼형제자매 (명),1세대가구-부부+기타친인척 (가구),1세대가구원-부부+기타친인척 (명),1세대가구-가구주+미혼형제자매 (가구),1세대가구원-가구주+미혼형제자매 (명),1세대가구-가구주+기타친인척 (가구),1세대가구원-가구주+기타친인척 (명),1세대가구-기타 (가구),1세대가구원-기타 (명),2세대가구-계 (가구),2세대가구원-계 (명),2세대가구-부부+미혼자녀 (가구),2세대가구원-부부+미혼자녀 (명),2세대가구-부+미혼자녀 (가구),2세대가구원-부+미혼자녀 (명),2세대가구-모+미혼자녀 (가구),2세대가구원-모+미혼자녀 (명),2세대가구-부부+양친 (가구),2세대가구원-부부+양친 (명),2세대가구-부부+한부모 (가구),2세대가구원-부부+한부모 (명),2세대가구-부부+미혼자녀+부부미혼형제자매 (가구),2세대가구원-부부+미혼자녀+부부미혼형제자매 (명),2세대가구-조부모+미혼손자녀 (가구),2세대가구원-조부모+미혼손자녀 (명),2세대가구-조부 또는 조모+미혼손자녀 (가구),2세대가구원-조부 또는 조모+미혼손자녀 (명),2세대가구-기타 (가구),2세대가구원-기타 (명),3세대가구-계 (가구),3세대가구원-계 (명),3세대가구-부부+미혼자녀+양친 (가구),3세대가구원-부부+미혼자녀+양친 (명),3세대가구-부부+미혼자녀+부친 (가구),3세대가구원-부부+미혼자녀+부친 (명),3세대가구-부부+미혼자녀+모친 (가구),3세대가구원-부부+미혼자녀+모친 (명),3세대가구-기타 (가구),3세대가구원-기타 (명),4세대이상 가구 (가구),4세대이상 가구원 (명),1인가구 (가구),1인가구원 (명),비친족가구 (가구),비친족가구원 (명),일반가구 (가구),일반가구원 (명),1세대가구-계 (가구),1세대가구원-계 (명),1세대가구-부부 (가구),1세대가구원-부부 (명),1세대가구-부부+미혼형제자매 (가구),1세대가구원-부부+미혼형제자매 (명),1세대가구-부부+기타친인척 (가구),1세대가구원-부부+기타친인척 (명),1세대가구-가구주+미혼형제자매 (가구),1세대가구원-가구주+미혼형제자매 (명),1세대가구-가구주+기타친인척 (가구),1세대가구원-가구주+기타친인척 (명),1세대가구-기타 (가구),1세대가구원-기타 (명),2세대가구-계 (가구),2세대가구원-계 (명),2세대가구-부부+미혼자녀 (가구),2세대가구원-부부+미혼자녀 (명),2세대가구-부+미혼자녀 (가구),2세대가구원-부+미혼자녀 (명),2세대가구-모+미혼자녀 (가구),2세대가구원-모+미혼자녀 (명),2세대가구-부부+양친 (가구),2세대가구원-부부+양친 (명),2세대가구-부부+한부모 (가구),2세대가구원-부부+한부모 (명),2세대가구-부부+미혼자녀+부부미혼형제자매 (가구),2세대가구원-부부+미혼자녀+부부미혼형제자매 (명),2세대가구-조부모+미혼손자녀 (가구),2세대가구원-조부모+미혼손자녀 (명),2세대가구-조부 또는 조모+미혼손자녀 (가구),2세대가구원-조부 또는 조모+미혼손자녀 (명),2세대가구-기타 (가구),2세대가구원-기타 (명),3세대가구-계 (가구),3세대가구원-계 (명),3세대가구-부부+미혼자녀+양친 (가구),3세대가구원-부부+미혼자녀+양친 (명),3세대가구-부부+미혼자녀+부친 (가구),3세대가구원-부부+미혼자녀+부친 (명),3세대가구-부부+미혼자녀+모친 (가구),3세대가구원-부부+미혼자녀+모친 (명),3세대가구-기타 (가구),3세대가구원-기타 (명),4세대이상 가구 (가구),4세대이상 가구원 (명),1인가구 (가구),1인가구원 (명),비친족가구 (가구),비친족가구원 (명),일반가구 (가구),일반가구원 (명),1세대가구-계 (가구),1세대가구원-계 (명),1세대가구-부부 (가구),1세대가구원-부부 (명),1세대가구-부부+미혼형제자매 (가구),1세대가구원-부부+미혼형제자매 (명),1세대가구-부부+기타친인척 (가구),1세대가구원-부부+기타친인척 (명),1세대가구-가구주+미혼형제자매 (가구),1세대가구원-가구주+미혼형제자매 (명),1세대가구-가구주+기타친인척 (가구),1세대가구원-가구주+기타친인척 (명),1세대가구-기타 (가구),1세대가구원-기타 (명),2세대가구-계 (가구),2세대가구원-계 (명),2세대가구-부부+미혼자녀 (가구),2세대가구원-부부+미혼자녀 (명),2세대가구-부+미혼자녀 (가구),2세대가구원-부+미혼자녀 (명),2세대가구-모+미혼자녀 (가구),2세대가구원-모+미혼자녀 (명),2세대가구-부부+양친 (가구),2세대가구원-부부+양친 (명),2세대가구-부부+한부모 (가구),2세대가구원-부부+한부모 (명),2세대가구-부부+미혼자녀+부부미혼형제자매 (가구),2세대가구원-부부+미혼자녀+부부미혼형제자매 (명),2세대가구-조부모+미혼손자녀 (가구),2세대가구원-조부모+미혼손자녀 (명),2세대가구-조부 또는 조모+미혼손자녀 (가구),2세대가구원-조부 또는 조모+미혼손자녀 (명),2세대가구-기타 (가구),2세대가구원-기타 (명),3세대가구-계 (가구),3세대가구원-계 (명),3세대가구-부부+미혼자녀+양친 (가구),3세대가구원-부부+미혼자녀+양친 (명),3세대가구-부부+미혼자녀+부친 (가구),3세대가구원-부부+미혼자녀+부친 (명),3세대가구-부부+미혼자녀+모친 (가구),3세대가구원-부부+미혼자녀+모친 (명),3세대가구-기타 (가구),3세대가구원-기타 (명),4세대이상 가구 (가구),4세대이상 가구원 (명),1인가구 (가구),1인가구원 (명),비친족가구 (가구),비친족가구원 (명),일반가구 (가구),일반가구원 (명),1세대가구-계 (가구),1세대가구원-계 (명),1세대가구-부부 (가구),1세대가구원-부부 (명),1세대가구-부부+미혼형제자매 (가구),1세대가구원-부부+미혼형제자매 (명),1세대가구-부부+기타친인척 (가구),1세대가구원-부부+기타친인척 (명),1세대가구-가구주+미혼형제자매 (가구),1세대가구원-가구주+미혼형제자매 (명),1세대가구-가구주+기타친인척 (가구),1세대가구원-가구주+기타친인척 (명),1세대가구-기타 (가구),1세대가구원-기타 (명),2세대가구-계 (가구),2세대가구원-계 (명),2세대가구-부부+미혼자녀 (가구),2세대가구원-부부+미혼자녀 (명),2세대가구-부+미혼자녀 (가구),2세대가구원-부+미혼자녀 (명),2세대가구-모+미혼자녀 (가구),2세대가구원-모+미혼자녀 (명),2세대가구-부부+양친 (가구),2세대가구원-부부+양친 (명),2세대가구-부부+한부모 (가구),2세대가구원-부부+한부모 (명),2세대가구-부부+미혼자녀+부부미혼형제자매 (가구),2세대가구원-부부+미혼자녀+부부미혼형제자매 (명),2세대가구-조부모+미혼손자녀 (가구),2세대가구원-조부모+미혼손자녀 (명),2세대가구-조부 또는 조모+미혼손자녀 (가구),2세대가구원-조부 또는 조모+미혼손자녀 (명),2세대가구-기타 (가구),2세대가구원-기타 (명),3세대가구-계 (가구),3세대가구원-계 (명),3세대가구-부부+미혼자녀+양친 (가구),3세대가구원-부부+미혼자녀+양친 (명),3세대가구-부부+미혼자녀+부친 (가구),3세대가구원-부부+미혼자녀+부친 (명),3세대가구-부부+미혼자녀+모친 (가구),3세대가구원-부부+미혼자녀+모친 (명),3세대가구-기타 (가구),3세대가구원-기타 (명),4세대이상 가구 (가구),4세대이상 가구원 (명),1인가구 (가구),1인가구원 (명),비친족가구 (가구),비친족가구원 (명),일반가구 (가구),일반가구원 (명),1세대가구-계 (가구),1세대가구원-계 (명),1세대가구-부부 (가구),1세대가구원-부부 (명),1세대가구-부부+미혼형제자매 (가구),1세대가구원-부부+미혼형제자매 (명),1세대가구-부부+기타친인척 (가구),1세대가구원-부부+기타친인척 (명),1세대가구-가구주+미혼형제자매 (가구),1세대가구원-가구주+미혼형제자매 (명),1세대가구-가구주+기타친인척 (가구),1세대가구원-가구주+기타친인척 (명),1세대가구-기타 (가구),1세대가구원-기타 (명),2세대가구-계 (가구),2세대가구원-계 (명),2세대가구-부부+미혼자녀 (가구),2세대가구원-부부+미혼자녀 (명),2세대가구-부+미혼자녀 (가구),2세대가구원-부+미혼자녀 (명),2세대가구-모+미혼자녀 (가구),2세대가구원-모+미혼자녀 (명),2세대가구-부부+양친 (가구),2세대가구원-부부+양친 (명),2세대가구-부부+한부모 (가구),2세대가구원-부부+한부모 (명),2세대가구-부부+미혼자녀+부부미혼형제자매 (가구),2세대가구원-부부+미혼자녀+부부미혼형제자매 (명),2세대가구-조부모+미혼손자녀 (가구),2세대가구원-조부모+미혼손자녀 (명),2세대가구-조부 또는 조모+미혼손자녀 (가구),2세대가구원-조부 또는 조모+미혼손자녀 (명),2세대가구-기타 (가구),2세대가구원-기타 (명),3세대가구-계 (가구),3세대가구원-계 (명),3세대가구-부부+미혼자녀+양친 (가구),3세대가구원-부부+미혼자녀+양친 (명),3세대가구-부부+미혼자녀+부친 (가구),3세대가구원-부부+미혼자녀+부친 (명),3세대가구-부부+미혼자녀+모친 (가구),3세대가구원-부부+미혼자녀+모친 (명),3세대가구-기타 (가구),3세대가구원-기타 (명),4세대이상 가구 (가구),4세대이상 가구원 (명),1인가구 (가구),1인가구원 (명),비친족가구 (가구),비친족가구원 (명),일반가구 (가구),일반가구원 (명),1세대가구-계 (가구),1세대가구원-계 (명),1세대가구-부부 (가구),1세대가구원-부부 (명),1세대가구-부부+미혼형제자매 (가구),1세대가구원-부부+미혼형제자매 (명),1세대가구-부부+기타친인척 (가구),1세대가구원-부부+기타친인척 (명),1세대가구-가구주+미혼형제자매 (가구),1세대가구원-가구주+미혼형제자매 (명),1세대가구-가구주+기타친인척 (가구),1세대가구원-가구주+기타친인척 (명),1세대가구-기타 (가구),1세대가구원-기타 (명),2세대가구-계 (가구),2세대가구원-계 (명),2세대가구-부부+미혼자녀 (가구),2세대가구원-부부+미혼자녀 (명),2세대가구-부+미혼자녀 (가구),2세대가구원-부+미혼자녀 (명),2세대가구-모+미혼자녀 (가구),2세대가구원-모+미혼자녀 (명),2세대가구-부부+양친 (가구),2세대가구원-부부+양친 (명),2세대가구-부부+한부모 (가구),2세대가구원-부부+한부모 (명),2세대가구-부부+미혼자녀+부부미혼형제자매 (가구),2세대가구원-부부+미혼자녀+부부미혼형제자매 (명),2세대가구-조부모+미혼손자녀 (가구),2세대가구원-조부모+미혼손자녀 (명),2세대가구-조부 또는 조모+미혼손자녀 (가구),2세대가구원-조부 또는 조모+미혼손자녀 (명),2세대가구-기타 (가구),2세대가구원-기타 (명),3세대가구-계 (가구),3세대가구원-계 (명),3세대가구-부부+미혼자녀+양친 (가구),3세대가구원-부부+미혼자녀+양친 (명),3세대가구-부부+미혼자녀+부친 (가구),3세대가구원-부부+미혼자녀+부친 (명),3세대가구-부부+미혼자녀+모친 (가구),3세대가구원-부부+미혼자녀+모친 (명),3세대가구-기타 (가구),3세대가구원-기타 (명),4세대이상 가구 (가구),4세대이상 가구원 (명),1인가구 (가구),1인가구원 (명),비친족가구 (가구),비친족가구원 (명),일반가구 (가구),일반가구원 (명),1세대가구-계 (가구),1세대가구원-계 (명),1세대가구-부부 (가구),1세대가구원-부부 (명),1세대가구-부부+미혼형제자매 (가구),1세대가구원-부부+미혼형제자매 (명),1세대가구-부부+기타친인척 (가구),1세대가구원-부부+기타친인척 (명),1세대가구-가구주+미혼형제자매 (가구),1세대가구원-가구주+미혼형제자매 (명),1세대가구-가구주+기타친인척 (가구),1세대가구원-가구주+기타친인척 (명),1세대가구-기타 (가구),1세대가구원-기타 (명),2세대가구-계 (가구),2세대가구원-계 (명),2세대가구-부부+미혼자녀 (가구),2세대가구원-부부+미혼자녀 (명),2세대가구-부+미혼자녀 (가구),2세대가구원-부+미혼자녀 (명),2세대가구-모+미혼자녀 (가구),2세대가구원-모+미혼자녀 (명),2세대가구-부부+양친 (가구),2세대가구원-부부+양친 (명),2세대가구-부부+한부모 (가구),2세대가구원-부부+한부모 (명),2세대가구-부부+미혼자녀+부부미혼형제자매 (가구),2세대가구원-부부+미혼자녀+부부미혼형제자매 (명),2세대가구-조부모+미혼손자녀 (가구),2세대가구원-조부모+미혼손자녀 (명),2세대가구-조부 또는 조모+미혼손자녀 (가구),2세대가구원-조부 또는 조모+미혼손자녀 (명),2세대가구-기타 (가구),2세대가구원-기타 (명),3세대가구-계 (가구),3세대가구원-계 (명),3세대가구-부부+미혼자녀+양친 (가구),3세대가구원-부부+미혼자녀+양친 (명),3세대가구-부부+미혼자녀+부친 (가구),3세대가구원-부부+미혼자녀+부친 (명),3세대가구-부부+미혼자녀+모친 (가구),3세대가구원-부부+미혼자녀+모친 (명),3세대가구-기타 (가구),3세대가구원-기타 (명),4세대이상 가구 (가구),4세대이상 가구원 (명),1인가구 (가구),1인가구원 (명),비친족가구 (가구),비친족가구원 (명),일반가구 (가구),일반가구원 (명),1세대가구-계 (가구),1세대가구원-계 (명),1세대가구-부부 (가구),1세대가구원-부부 (명),1세대가구-부부+미혼형제자매 (가구),1세대가구원-부부+미혼형제자매 (명),1세대가구-부부+기타친인척 (가구),1세대가구원-부부+기타친인척 (명),1세대가구-가구주+미혼형제자매 (가구),1세대가구원-가구주+미혼형제자매 (명),1세대가구-가구주+기타친인척 (가구),1세대가구원-가구주+기타친인척 (명),1세대가구-기타 (가구),1세대가구원-기타 (명),2세대가구-계 (가구),2세대가구원-계 (명),2세대가구-부부+미혼자녀 (가구),2세대가구원-부부+미혼자녀 (명),2세대가구-부+미혼자녀 (가구),2세대가구원-부+미혼자녀 (명),2세대가구-모+미혼자녀 (가구),2세대가구원-모+미혼자녀 (명),2세대가구-부부+양친 (가구),2세대가구원-부부+양친 (명),2세대가구-부부+한부모 (가구),2세대가구원-부부+한부모 (명),2세대가구-부부+미혼자녀+부부미혼형제자매 (가구),2세대가구원-부부+미혼자녀+부부미혼형제자매 (명),2세대가구-조부모+미혼손자녀 (가구),2세대가구원-조부모+미혼손자녀 (명),2세대가구-조부 또는 조모+미혼손자녀 (가구),2세대가구원-조부 또는 조모+미혼손자녀 (명),2세대가구-기타 (가구),2세대가구원-기타 (명),3세대가구-계 (가구),3세대가구원-계 (명),3세대가구-부부+미혼자녀+양친 (가구),3세대가구원-부부+미혼자녀+양친 (명),3세대가구-부부+미혼자녀+부친 (가구),3세대가구원-부부+미혼자녀+부친 (명),3세대가구-부부+미혼자녀+모친 (가구),3세대가구원-부부+미혼자녀+모친 (명),3세대가구-기타 (가구),3세대가구원-기타 (명),4세대이상 가구 (가구),4세대이상 가구원 (명),1인가구 (가구),1인가구원 (명),비친족가구 (가구),비친족가구원 (명)
"전국",19111030,48339559,3324418,6757206,2982028,5964056,18314,55347,4137,12926,201009,416711,15817,33899,103113,274267,9328293,30983486,6150381,22363415,537608,1300571,1522554,3706921,20592,82446,124643,374698,77251,362820,43314,140556,69797,157324,782153,2494735,1029196,4853734,113256,650801,74835,352738,391156,1833654,449949,2016541,11262,69834,5203440,5203440,214421,471859,19367696,48551348,3329335,6760305,2994627,5989254,17969,54276,4128,12928,192838,399263,15210,32596,104563,271988,9361705,31034300,6189464,22450662,517354,1242886,1481683,3577790,20801,83204,124904,374712,73850,346393,42819,138701,66422,149198,844408,2670754,998919,4709207,113050,649248,76048,357734,383482,1794445,426339,1907780,10678,66483,5397615,5397615,269444,583438,19673875,48614907,3470070,7043639,3125140,6250280,18743,56607,4529,14158,197923,409414,17620,37841,106115,275339,9320588,30780926,6160843,22288183,518191,1241624,1487739,3578725,20039,80156,119136,357408,71328,333688,44558,144351,68020,152316,830734,2604475,946500,4439786,107366,616014,73303,344470,358617,1676004,407214,1803298,9381,58095,5618677,5618677,308659,673784,19979188,48664922,3600264,7305520,3247030,6494060,19112,57695,4455,13972,202254,418077,18019,38628,109394,283088,9288450,30547762,6121914,22090475,517173,1233680,1498840,3589589,19189,76756,116801,350403,68345,318594,44766,145124,68531,152913,832891,2590228,893501,4167027,98158,562711,70255,329912,336017,1567410,389071,1706994,8012,49089,5848594,5848594,340367,746930,20343188,48674177,3752000,7610109,3389074,6778148,19345,58400,4793,14988,206998,427190,19404,41519,112386,289864,9209885,30146353,6061955,21798912,513358,1220247,1501251,3580663,18511,74044,115936,347808,64550,300064,45605,147667,68606,152533,820113,2524415,839928,3887225,89288,511033,66493,311549,312858,1454593,371289,1610050,6891,42038,6147516,6147516,386968,840936,20926710,49028727,3893435,7891367,3518763,7037526,19334,58362,4739,14752,219314,452400,20118,42760,111167,285567,9201530,30068999,6086287,21891084,506649,1202033,1529784,3645976,16523,66092,109222,327666,58355,270447,46688,151181,71017,157210,777005,2357310,759548,3479811,76825,439147,60991,285201,281848,1308805,339884,1446658,5384,32318,6643354,6643354,423459,912878,21448463,49063531,4054467,8215199,3668451,7336902,19874,59962,4893,15171,225014,463468,22305,47268,113930,292428,9049887,29453555,5981094,21451843,503179,1190602,1514406,3591530,15659,62636,106771,320313,55858,258233,46860,151345,72047,158495,754013,2268558,701095,3186769,67967,388026,57401,268051,257827,1193848,317900,1336844,4566,27120,7165788,7165788,472660,1015100,21773507,48884646,4172590,8453459,3780193,7560386,20222,60994,5003,15530,225755,464535,23118,48944,118299,303070,8918035,28817921,5866059,20917059,498211,1169835,1502132,3534970,15336,61344,107491,322473,53617,246953,46299,149251,71613,156616,757277,2259420,662460,2988172,61620,350820,54727,254797,240718,1108798,305395,1273757,4183,24520,7502350,7502350,513889,1098224
"읍부",1695508,4297704,324138,658538,299452,598904,1522,4604,343,1069,10966,22781,1174,2524,10681,28656,798526,2654364,509918,1868232,51244,124622,122126,299183,2405,9628,14481,43525,6097,28981,4771,15552,7445,16699,80039,247942,100993,478957,11121,64523,7108,33706,37089,174628,45675,206100,1421,8972,448466,448466,21964,48407,1746762,4383544,328490,666860,303610,607220,1559,4717,388,1219,10871,22588,1132,2414,10930,28702,814427,2704412,524020,1916542,50249,121260,118952,287989,2437,9748,14698,44094,5855,27800,4517,14621,6993,15644,86706,266714,98790,468384,11272,65246,7342,34697,36698,172479,43478,195962,1388,8759,477006,477006,26661,58123,1798810,4459626,346479,703458,319714,639428,1671,5051,423,1329,11769,24374,1413,3053,11489,30223,826345,2736426,531960,1941377,50793,122533,121456,293121,2433,9732,14342,43026,5762,27288,4683,15144,7158,16028,87758,268177,94170,444064,10753,62232,7145,33763,34825,163427,41447,184642,1247,7830,499489,499489,31080,68359,1890366,4615139,370453,751856,341905,683810,1755,5290,421,1315,12554,26019,1528,3309,12290,32113,853171,2812748,547741,1993563,52772,126797,127761,307145,2385,9540,14438,43314,5695,26784,4735,15365,7288,16282,90356,273958,91108,427045,9989,57769,7049,33303,33429,156537,40641,179436,1078,6690,539706,539706,34850,77094,1937519,4662735,388649,788601,358994,717988,1868,5635,472,1469,12870,26682,1634,3469,12811,33358,857028,2813019,549582,1993247,53213,127332,129874,311281,2356,9424,14392,43176,5432,25500,4730,15321,7196,16026,90253,271712,86657,402852,9131,52726,6545,30793,31450,146725,39531,172608,893,5557,563446,563446,40846,89260,2021664,4761346,406060,823407,375055,750110,1907,5756,495,1538,13876,28743,1769,3780,12958,33480,870517,2853277,560276,2033438,53594,128240,135891,326288,2148,8592,13664,40992,4983,23335,4889,15825,7574,16844,87498,259723,78835,362633,7871,45488,6089,28638,28607,133177,36268,155330,700,4258,620899,620899,44653,96872,2099836,4841016,428513,868903,395555,791110,2013,6076,503,1566,14805,30621,1973,4209,13664,35321,873242,2852042,562043,2034763,54276,129577,138002,329686,2011,8044,13464,40392,4959,23130,4901,15832,7620,16844,85966,253774,73307,334454,7026,40614,5767,27115,26208,121629,34306,145096,607,3652,674454,674454,49713,107511,2096426,4739960,437124,886252,403859,807718,2053,6201,457,1421,14473,29901,2099,4451,14183,36560,844687,2737671,539237,1941164,52997,125563,135017,320192,1929,7716,13319,39957,4616,21426,4666,15056,7389,16243,85517,250354,67744,306049,6145,35383,5391,25265,24038,110949,32170,134452,508,3053,694083,694083,52280,112852
"면부",1927621,4310371,496509,1008042,466564,933128,1981,5977,433,1347,9759,20203,1311,2811,16461,44576,650366,2030361,326210,1167271,46398,109749,95845,223433,3968,15896,26446,79448,3661,17262,8169,26563,11391,25374,128278,365365,118665,561914,14030,81584,6702,31675,39947,186902,57986,261753,2327,14637,630013,630013,29741,65404,1958876,4339481,493347,1001361,462599,925198,1993,6008,461,1436,9690,20046,1239,2658,17365,46015,658786,2056267,331636,1185892,45121,105583,92032,212806,4021,16084,26028,78084,3644,17055,7583,24601,10475,23246,138246,392916,113283,536415,13624,79223,6629,31382,38549,180025,54481,245785,2181,13840,657406,657406,33873,74192,1993849,4370461,508734,1032729,476396,952792,2136,6446,497,1540,10071,20836,1564,3342,18070,47773,660601,2058925,335964,1199155,45509,106313,92573,213820,3789,15156,24817,74451,3667,17070,7770,25178,10595,23517,135917,384265,107165,504988,13152,76330,6371,30160,36109,168575,51533,229923,1968,12445,677415,677415,37966,83959,1971564,4251084,511442,1038249,478868,957736,2183,6582,443,1396,9903,20461,1496,3175,18549,48899,636427,1972360,319169,1136102,44043,102477,90429,208029,3622,14488,23848,71544,3466,16030,7254,23495,10129,22354,134467,377841,97568,456852,11561,67111,5768,27219,32742,152385,47497,210137,1626,10164,684456,684456,40045,89003,1968717,4196128,518886,1053286,485599,971198,2131,6425,532,1671,9933,20491,1548,3277,19143,50224,625405,1927259,312004,1105672,43615,101260,89651,205757,3465,13860,23398,70194,3225,14908,7009,22669,9803,21535,133235,371404,90132,418330,10139,58691,5227,24663,30046,139119,44720,195857,1458,9017,686531,686531,46305,101705,2008345,4201325,534285,1084142,499765,999530,2208,6657,497,1551,10460,21620,1516,3200,19839,51584,622087,1912346,313171,1110520,42883,99120,90869,208550,3004,12016,22581,67743,2964,13719,6927,22409,9749,21381,129939,356888,80782,370984,8505,49221,4750,22308,27164,125774,40363,173681,1127,6954,721965,721965,48099,104934,2025982,4134020,544621,1105440,508828,1017656,2370,7147,507,1571,10521,21682,1732,3670,20663,53714,594510,1821215,297459,1053181,41825,96761,89526,205062,2741,10964,21365,64095,2870,13176,6701,21691,9313,20288,122710,335997,71719,326292,7147,41396,4314,20280,23695,109110,36563,155506,939,5706,762310,762310,51883,113057,2035906,4084649,551643,1120345,514031,1028062,2444,7368,576,1777,10623,21920,1769,3727,22200,57491,578112,1757981,284967,1004109,40711,93531,87836,199906,2600,10400,21020,63060,2641,12069,6469,20844,8939,19330,122929,334732,65717,297265,6298,36427,3849,18035,21318,97854,34252,144949,830,4998,784909,784909,54695,119151
"동부",15487901,39731484,2503771,5090626,2216012,4432024,14811,44766,3361,10510,180284,373727,13332,28564,75971,201035,7879401,26298761,5314253,19327912,439966,1066200,1304583,3184305,14219,56922,83716,251725,67493,316577,30374,98441,50961,115251,573836,1881428,809538,3812863,88105,504694,61025,287357,314120,1472124,346288,1548688,7514,46225,4124961,4124961,162716,358048,15662058,39828323,2507498,5092084,2228418,4456836,14417,43551,3279,10273,172277,356629,12839,27524,76268,197271,7888492,26273621,5333808,19348228,421984,1016043,1270699,3076995,14343,57372,84178,252534,64351,301538,30719,99479,48954,110308,619456,2011124,786846,3704408,88154,504779,62077,291655,308235,1441941,328380,1466033,7109,43884,4263203,4263203,208910,451123,15881216,39784820,2614857,5307452,2329030,4658060,14936,45110,3609,11289,176083,364204,14643,31446,76556,197343,7833642,25985575,5292919,19147651,421889,1012778,1273710,3071784,13817,55268,79977,239931,61899,289330,32105,104029,50267,112771,607059,1952033,745165,3490734,83461,477452,59787,280547,287683,1344002,314234,1388733,6166,37820,4441773,4441773,239613,521466,16117258,39798699,2718369,5515415,2426257,4852514,15174,45823,3591,11261,179797,371597,14995,32144,78555,202076,7798852,25762654,5255004,18960810,420358,1004406,1280650,3074415,13182,52728,78515,235545,59184,275780,32777,106264,51114,114277,608068,1938429,704825,3283130,76608,437831,57438,269390,269846,1258488,300933,1317421,5308,32235,4624432,4624432,265472,580833,16436952,39815314,2844465,5768222,2544481,5088962,15346,46340,3789,11848,184195,380017,16222,34773,80432,206282,7727452,25406075,5200369,18699993,416530,991655,1281726,3063625,12690,50760,78146,234438,55893,259656,33866,109677,51607,114972,596625,1881299,663139,3066043,70018,399616,54721,256093,251362,1168749,287038,1241585,4540,27464,4897539,4897539,299817,649971,16896701,40066056,2953090,5983818,2643943,5287886,15219,45949,3747,11663,194978,402037,16833,35780,78370,200503,7708926,25303376,5212840,18747126,410172,974673,1303024,3111138,11371,45484,72977,218931,50408,233393,34872,112947,53694,118985,559568,1740699,599931,2746194,60449,344438,50152,234255,226077,1049854,263253,1117647,3557,21106,5300490,5300490,330707,711072,17322645,40088495,3081333,6240856,2764068,5528136,15491,46739,3883,12034,199688,411165,18600,39389,79603,203393,7582135,24780298,5121592,18363899,407078,964264,1286878,3056782,10907,43628,71942,215826,48029,221927,35258,113822,55114,121363,545337,1678787,556069,2526023,53794,306016,47320,220656,207924,963109,247031,1036242,3020,17762,5729024,5729024,371064,794532,17641175,40060037,3183823,6446862,2862303,5724606,15725,47425,3970,12332,200659,412714,19250,40766,81916,209019,7495236,24322269,5041855,17971786,404503,950741,1279279,3014872,10807,43228,73152,219456,46360,213458,35164,113351,55285,121043,548831,1674334,528999,2384858,49177,279010,45487,211497,195362,899995,238973,994356,2845,16469,6023358,6023358,406914,866221
"서울특별시",3784490,9394807,608625,1241140,514306,1028612,4135,12506,1039,3258,65081,134528,3952,8461,20112,53775,1825210,6040348,1216164,4381777,96728,231573,314737,760644,3566,14276,16973,51018,17763,82451,7356,23754,11708,26435,140215,468420,188997,890933,21719,123775,13835,64641,70832,330819,82611,371698,1523,9358,1115744,1115744,44391,97284,3784705,9315075,598233,1218373,507729,1015458,3947,11930,956,3034,61817,127603,3794,8116,19990,52232,1804454,5961924,1206806,4335491,90653,215844,302352,725923,3587,14348,16581,49743,16756,77720,7469,24143,11147,25107,149103,493605,181625,856470,21943,124901,13725,64038,68549,319621,77408,347910,1434,8867,1138860,1138860,60099,130581,3813260,9239517,614037,1249510,523073,1046146,4021,12145,1044,3272,62017,127944,4332,9238,19550,50765,1775431,5837348,1184517,4243189,89309,211980,301551,720964,3416,13664,16430,49290,15984,73950,7899,25597,11679,26165,144646,472549,173908,816004,20786,118218,13403,62426,65234,303716,74485,331644,1297,7938,1180540,1180540,68047,148177,3839766,9148012,626988,1275566,534651,1069302,4093,12365,1082,3425,62868,129605,4427,9450,19867,51419,1740777,5698784,1155128,4125880,87195,205939,298046,709533,3315,13260,16236,48708,15177,70133,8265,26786,11946,26669,145469,471876,164734,768891,19412,110175,12965,60397,61422,285481,70935,312838,1121,6793,1229421,1229421,76725,168557,3896389,9096901,645266,1312167,550785,1101570,4051,12232,1197,3784,64324,132347,4788,10236,20121,51998,1710502,5574160,1131967,4031269,85686,201564,295656,700717,3118,12472,16100,48300,14368,66182,8611,27859,12213,27153,142783,458644,155420,720726,17731,100486,12404,57654,57557,266786,67728,295800,1020,6127,1299787,1299787,84394,183934,3982290,9098805,665193,1351328,568137,1136274,3887,11732,1167,3652,67894,139594,4950,10484,19158,49592,1691450,5499482,1127169,4012701,83037,194752,296527,700563,2761,11044,15073,45219,12858,59046,8939,28911,12880,28481,132206,418765,142292,653759,15894,89926,11488,53294,52799,244446,62111,266093,767,4590,1390701,1390701,91887,198945,4046799,9009126,680825,1382151,582887,1165774,3835,11571,1176,3670,68508,140737,5446,11453,18973,48946,1644223,5318447,1093980,3880566,81431,190308,289640,680611,2671,10684,14639,43917,11883,54469,8953,28883,13028,28671,127998,400338,131646,600204,14311,80792,10848,50162,48809,225226,57678,244024,657,3905,1489893,1489893,99555,214526,4098818,8942201,689093,1398488,590521,1181042,3758,11330,1174,3654,68738,141000,5671,11954,19231,49508,1611980,5178631,1067097,3764107,80370,186312,284980,664645,2578,10312,14663,43989,11343,51831,9009,29025,13140,28760,128800,399650,125014,566307,13167,74157,10332,47604,46099,211798,55416,232748,593,3432,1564187,1564187,107951,231156
"부산광역시",1335900,3323591,240190,486737,218012,436024,1196,3617,230,718,13126,27118,1074,2275,6552,16985,650111,2112994,421233,1508802,37248,88779,118573,283289,1148,4594,8086,24308,4585,21383,2764,8979,4758,10663,51716,162197,72025,334094,7476,42661,4853,22767,27866,129538,31830,139128,555,3359,361749,361749,11270,24658,1344170,3313022,241469,488932,219614,439228,1238,3740,257,802,12682,26152,1014,2130,6664,16880,645558,2094062,418134,1494442,35479,83924,114801,272184,1151,4604,8122,24366,4477,20778,2806,9065,4602,10284,55986,174415,69706,323323,7392,42178,4866,22784,27293,126599,30155,131762,533,3226,372412,372412,14492,31067,1354401,3277862,251258,508698,228529,457058,1277,3860,284,890,13168,27120,1163,2459,6837,17311,634011,2051015,411150,1466845,35108,82933,113823,268872,1090,4360,6914,20742,4413,20484,2930,9454,4758,10623,53825,166702,62832,289911,6661,37990,4512,21153,23795,110514,27864,120254,423,2541,388899,388899,16978,36798,1363608,3248360,257548,521184,234875,469750,1274,3843,246,773,13218,27219,1165,2459,6770,17140,624134,2010832,403920,1437708,34519,81169,113533,267075,971,3884,6611,19833,4163,19316,2961,9574,4773,10591,52683,161682,58909,270175,5974,33996,4275,20021,21971,101918,26689,114240,365,2202,404408,404408,18244,39559,1377030,3222121,265217,536517,242481,484962,1261,3801,229,712,13175,27124,1184,2520,6887,17398,612483,1965105,395633,1404697,33668,78921,112982,264704,947,3788,6440,19320,3859,17857,2928,9483,4733,10434,51293,155901,55018,250781,5497,31242,3979,18598,20363,94233,25179,106708,301,1823,423227,423227,20784,44668,1405037,3213816,273820,553454,250636,501272,1221,3692,226,707,13831,28417,1234,2607,6672,16759,604157,1935186,392835,1394619,32648,76294,113398,265389,830,3320,5889,17667,3549,16348,3023,9796,4889,10739,47096,141014,48998,220488,4505,25514,3695,17205,17902,82640,22896,95129,217,1278,455207,455207,22638,48203,1431365,3197368,283896,573777,259847,519694,1345,4052,265,817,14273,29284,1379,2897,6787,17033,589119,1879016,381694,1351685,31825,74196,111351,259261,785,3140,5884,17652,3460,15877,3028,9805,5162,11303,45930,136097,45075,201408,3984,22588,3402,15818,16265,75013,21424,87989,172,1009,487362,487362,25741,54796,1447825,3166827,290890,587894,266670,533340,1393,4204,273,846,14205,29137,1415,2995,6934,17372,575019,1821657,370897,1306894,31087,71861,109638,253395,698,2792,5909,17727,3332,15256,3011,9721,5072,11021,45375,132990,41849,185154,3590,20278,3170,14709,14812,67836,20277,82331,180,1023,511745,511745,28142,59354
"대구광역시",928528,2378450,157053,318076,142136,284272,750,2277,167,525,9438,19527,655,1417,3907,10058,476046,1573097,316801,1147577,26341,63593,83885,203999,856,3428,5340,16056,3547,16572,1932,6250,3469,7826,33875,107796,49545,231939,5508,31508,3479,16360,19932,93183,20626,90888,472,2877,239517,239517,5895,12944,935753,2373598,158064,319832,143806,287612,753,2270,179,553,8808,18199,640,1403,3878,9795,475410,1566742,317066,1145786,25335,60778,81889,197350,884,3536,5326,15978,3325,15561,1926,6247,3246,7309,36413,114197,47499,222110,5395,30935,3520,16469,19534,91130,19050,83576,440,2697,247444,247444,6896,14773,948030,2363321,165186,334062,150828,301656,749,2258,207,647,8876,18329,644,1394,3882,9778,470380,1543216,313983,1131175,25555,60988,81643,195621,835,3340,5034,15102,3175,14832,1889,6110,3212,7204,35054,108844,44504,206756,5053,28826,3367,15716,18037,83981,18047,78233,363,2185,259525,259525,8072,17577,957516,2351053,171771,347261,157026,314052,775,2342,169,528,9113,18764,678,1471,4010,10104,465407,1521827,309884,1114135,25314,60118,81359,194232,770,3080,4871,14613,3126,14522,1927,6226,3279,7353,34877,107548,41367,191361,4522,25783,3139,14690,16624,77301,17082,73587,271,1606,269903,269903,8797,19095,968620,2332499,177778,359339,162888,325776,777,2341,196,610,9080,18707,725,1554,4112,10351,456927,1486637,303732,1087815,24591,58279,80629,191504,816,3264,4861,14583,2930,13546,1973,6348,3233,7201,34162,104097,38785,178146,4101,23380,3024,14104,15336,71157,16324,69505,232,1385,284416,284416,10482,22576,985816,2321163,184268,372107,169081,338162,779,2343,167,514,9545,19640,780,1647,3916,9801,451462,1464844,301219,1078449,24076,56806,81730,193760,673,2692,4513,13539,2575,11852,2049,6600,3348,7406,31279,93740,34077,154634,3309,18860,2713,12643,13406,62053,14649,61078,188,1116,304543,304543,11278,23919,1000931,2301255,190241,384202,174746,349492,829,2496,169,518,9664,19867,827,1761,4006,10068,439210,1420502,292904,1046230,23621,55724,79669,188085,603,2412,4400,13200,2471,11431,2015,6485,3459,7602,30068,89333,31244,140813,2883,16412,2510,11670,12070,55732,13781,56999,139,807,326866,326866,13231,28065,1010834,2279121,194813,393383,179260,358520,894,2692,168,511,9556,19622,786,1660,4149,10378,430784,1383153,285857,1015196,23441,54937,78926,185014,609,2436,4362,13086,2387,10964,1967,6316,3447,7530,29788,87674,29109,129932,2566,14535,2381,11004,11100,51024,13062,53369,143,823,341667,341667,14318,30163
"인천광역시",1045417,2766575,166785,339985,146931,293862,1092,3304,247,767,11217,23241,1052,2251,6246,16560,562963,1876299,375395,1365204,32947,79815,94311,230413,1046,4188,5840,17547,5168,24205,1872,6052,3325,7477,43059,141398,58434,275139,6355,36379,4746,22276,21652,101316,25681,115168,538,3291,243678,243678,13019,28183,1062828,2787944,167917,341811,148486,296972,1127,3398,221,682,10843,22399,990,2092,6250,16268,566189,1884010,378792,1374598,31482,75737,92284,223890,1009,4036,5978,17934,4911,23041,1904,6153,3201,7243,46628,151378,57017,268335,6330,36297,4813,22580,21233,99243,24641,110215,526,3247,254076,254076,17103,36465,1080285,2794599,174813,355711,154721,309442,1165,3523,248,772,11172,23021,1144,2452,6363,16501,563952,1869407,376298,1362796,31583,75732,92999,224678,996,3984,5822,17466,4635,21729,2006,6488,3293,7367,46320,149167,55123,258102,6099,34980,4714,22089,20285,94716,24025,106317,518,3227,266434,266434,19445,41718,1094749,2795256,181549,369255,161014,322028,1173,3544,257,803,11361,23399,1167,2484,6577,16997,562641,1856875,374053,1351450,31730,75702,94194,226917,917,3668,5662,16986,4454,20820,1988,6429,3445,7728,46198,147175,52354,243191,5527,31659,4484,21056,19033,88673,23310,101803,447,2732,275898,275898,21860,47305,1120576,2799553,190182,386568,169130,338260,1169,3532,284,876,11692,24083,1258,2683,6649,17134,557848,1831385,369711,1330996,31582,75192,94702,226871,907,3628,5664,16992,4312,20109,2087,6768,3408,7601,45475,143228,49391,227798,5054,28970,4307,20240,17731,82347,22299,96241,383,2317,297865,297865,24907,53620,1147200,2798349,197211,400524,175718,351436,1189,3586,303,927,12062,24797,1374,2908,6565,16870,552855,1808903,366797,1319165,31197,74003,95951,229500,866,3464,5392,16176,3888,18005,2176,7035,3530,7839,43058,133716,44726,204065,4390,25139,3943,18449,15822,73311,20571,87166,294,1750,324841,324841,27273,58266,1183610,2813245,208384,423012,186027,372054,1176,3537,327,999,12587,25901,1531,3221,6736,17300,546893,1780737,362139,1298293,31053,73376,95823,227852,824,3296,5253,15759,3672,16961,2176,7021,3687,8109,42266,130070,41014,185479,3817,21795,3660,17117,14400,66583,19137,79984,275,1619,355657,355657,31387,66741,1212731,2831166,217090,440509,194269,388538,1181,3557,336,1032,12737,26164,1593,3326,6974,17892,544773,1762213,359629,1281671,30885,72434,95768,226144,817,3268,5375,16125,3539,16323,2165,6982,3708,8105,42887,131161,39386,176726,3453,19642,3574,16645,13743,63198,18616,77241,244,1389,376392,376392,34846,73937
"광주광역시",567157,1438209,86787,176569,75471,150942,453,1365,88,273,7793,16476,453,988,2529,6525,285170,961097,181214,675412,18528,46098,54449,137655,392,1570,2707,8146,2504,12035,1097,3563,2275,5170,22004,71448,26217,123592,2427,14046,1736,8299,9986,47414,12068,53833,256,1560,163577,163577,5150,11814,569372,1434498,87814,178340,76874,153748,439,1325,82,256,7471,15727,447,994,2501,6290,284523,956143,182040,676207,17855,44030,52339,130680,371,1484,2702,8106,2391,11488,1113,3592,2253,5067,23459,75489,25408,119668,2427,14004,1793,8566,9793,46427,11395,50671,246,1499,165169,165169,6212,13679,575732,1425907,92042,186839,80781,161562,443,1342,92,286,7705,16253,546,1190,2475,6206,281923,942252,180062,665952,18011,44226,52434,130377,356,1424,2425,7275,2293,10980,1131,3641,2261,5057,22950,73320,23317,109156,2288,13159,1679,8010,8793,41555,10557,46432,190,1136,171424,171424,6836,15100,578559,1415601,95024,192881,83572,167144,462,1394,89,275,7774,16367,511,1116,2616,6585,279521,929288,177797,655354,17930,43723,52527,129702,356,1424,2347,7041,2179,10410,1097,3551,2285,5118,23003,72965,21752,101343,2020,11629,1549,7366,8159,38537,10024,43811,148,904,174614,174614,7500,16571,587159,1409750,100139,203147,88265,176530,462,1395,87,270,7974,16748,608,1299,2743,6905,275636,912084,175633,644109,17775,43290,51678,126964,342,1368,2283,6849,2092,9951,1175,3778,2328,5192,22330,70583,19951,91971,1841,10568,1435,6790,7375,34608,9300,40005,107,655,182364,182364,8962,19529,599217,1409978,103803,210329,91538,183076,456,1376,91,284,8566,17942,565,1207,2587,6444,274379,905421,175760,644835,17700,43051,52651,129067,303,1212,2049,6147,1787,8438,1194,3842,2323,5128,20612,63701,17296,78848,1445,8268,1237,5846,6318,29535,8296,35199,74,431,193948,193948,9717,21001,615693,1409089,107690,218072,95444,190888,463,1399,105,326,8517,17795,633,1348,2528,6316,268807,882969,172173,629762,17652,42830,51953,126603,261,1044,1940,5820,1678,7936,1273,4081,2422,5296,19455,59597,15906,71900,1231,7015,1206,5686,5638,26354,7831,32845,66,376,212385,212385,10839,23387,623252,1399149,111030,224794,98627,197254,459,1386,118,367,8514,17762,695,1492,2617,6533,263975,860219,168105,610999,17535,42192,51464,124419,248,992,1984,5952,1594,7500,1234,3936,2422,5272,19389,58957,15050,67324,1100,6278,1168,5502,5223,24252,7559,31292,71,407,221464,221464,11662,24941
"대전광역시",582504,1467677,92363,187481,82364,164728,452,1359,116,361,6381,13256,466,989,2584,6788,286007,961173,193403,709630,16224,39747,48352,119354,488,1952,3034,9124,2092,9981,1142,3728,1838,4203,19434,63454,28345,134385,3038,17564,2173,10335,11226,52953,11908,53533,270,1678,169391,169391,6128,13569,590698,1463246,92145,186746,82595,165190,410,1240,115,358,5956,12352,484,1034,2585,6572,284116,950711,192052,701895,15615,37831,47018,114929,510,2040,3027,9081,2042,9688,1143,3718,1747,3923,20962,67606,27222,128784,2958,17117,2239,10595,10818,50892,11207,50180,240,1476,179605,179605,7370,15924,597736,1451836,96093,194698,86386,172772,434,1309,146,456,6054,12562,540,1148,2533,6451,279038,929566,188312,686148,15398,37219,46572,113253,473,1892,2869,8607,1918,9061,1244,4050,1735,3893,20517,65443,25102,118084,2705,15645,2046,9639,9749,45832,10602,46968,200,1240,188136,188136,9167,20112,602175,1435258,99783,202118,89823,179646,458,1384,133,415,6178,12820,569,1193,2622,6660,273889,907387,183762,667808,15339,36814,46344,111915,433,1732,2787,8361,1775,8326,1254,4074,1831,4075,20364,64282,23088,107940,2455,14224,1904,8960,8834,41357,9895,43399,160,960,195544,195544,9711,21309,609043,1420059,104110,210771,93817,187634,461,1392,141,441,6382,13200,605,1277,2704,6827,267400,880808,178949,647677,14880,35527,45818,110135,415,1660,2742,8226,1689,7916,1276,4129,1885,4168,19746,61370,21380,98954,2167,12533,1833,8619,8132,37889,9248,39913,131,785,205165,205165,10857,23576,631208,1424823,108266,219010,97824,195648,479,1443,142,443,6624,13694,609,1285,2588,6497,263211,864314,176255,637869,14751,35070,46162,110513,371,1484,2567,7701,1534,7188,1267,4101,1964,4336,18340,56052,18871,86399,1747,10064,1575,7407,7137,33257,8412,35671,105,620,228842,228842,11913,25638,640085,1412576,112285,227047,101727,203454,478,1446,132,411,6703,13825,660,1395,2585,6516,256154,836892,171322,617938,14551,34472,45323,107919,351,1404,2536,7608,1383,6448,1272,4088,1978,4314,17438,52701,17391,78867,1504,8647,1467,6877,6490,30261,7930,33082,86,498,240932,240932,13237,28340,646474,1400687,115465,233361,105049,210098,470,1416,136,433,6570,13551,664,1398,2576,6465,251038,813492,167479,600088,14326,33675,44750,105516,320,1280,2582,7746,1343,6275,1237,3959,1872,4067,17129,50886,16401,73504,1355,7741,1392,6496,5940,27482,7714,31785,85,492,249006,249006,14479,30832
"울산광역시",423412,1105585,71701,144954,66720,133440,291,879,55,170,2811,5796,255,559,1569,4110,224659,755183,164817,595411,12412,29898,28830,69638,333,1334,2600,7822,1314,6181,614,1972,1082,2429,12657,40498,19934,93264,1966,11289,1690,7941,8513,39685,7765,34349,180,1134,103551,103551,3387,7499,426027,1105125,73111,147716,68198,136396,295,890,54,171,2708,5562,249,539,1607,4158,224708,753768,164928,594420,11927,28476,28182,67631,337,1348,2535,7605,1252,5857,596,1929,1035,2306,13916,44196,18994,88688,1933,11033,1701,7997,8088,37648,7272,32010,170,1057,104856,104856,4188,9040,428720,1097529,76516,154569,71476,142952,322,971,58,183,2747,5655,277,603,1636,4205,222288,742487,163211,586506,11975,28446,28206,67343,299,1196,2325,6975,1187,5555,658,2128,1053,2329,13374,42009,17683,82206,1862,10618,1553,7284,7303,33947,6965,30357,131,821,107497,107497,4605,9949,431391,1090909,79289,160152,74151,148302,305,922,61,197,2791,5754,266,582,1715,4395,220239,732561,160642,575923,11945,28248,28651,68219,292,1168,2158,6474,1140,5313,680,2210,1075,2383,13656,42623,16522,76354,1661,9508,1478,6945,6767,31351,6616,28550,127,782,110236,110236,4978,10824,437094,1083587,83905,169403,78693,157386,313,945,62,198,2825,5819,279,608,1733,4447,215973,714480,157193,561320,11759,27756,28589,67734,273,1092,2144,6432,1060,4936,704,2297,1026,2257,13225,40656,15504,71083,1520,8704,1337,6264,6281,28968,6366,27147,97,588,116015,116015,5600,12018,444087,1082992,86984,175486,81656,163312,305,921,68,219,2964,6097,288,610,1703,4327,214217,708316,156659,559681,11484,27147,28937,68560,246,984,1920,5760,957,4439,711,2310,1031,2273,12272,37162,13808,62780,1257,7189,1229,5745,5500,25341,5822,24505,79,460,122848,122848,6151,13102,451432,1072873,90481,182480,85118,170236,308,931,64,203,3037,6235,291,622,1663,4253,208383,685787,151785,540812,11510,27075,28577,67332,225,900,1917,5751,936,4330,762,2462,1057,2317,11614,34808,12593,56646,1056,6024,1175,5509,4918,22590,5444,22523,69,395,133061,133061,6845,14504,453998,1059852,94083,189742,88587,177174,340,1023,64,206,3006,6163,304,644,1782,4532,203173,663123,146845,519946,11327,26466,28302,66093,242,968,1955,5865,917,4203,759,2437,1082,2357,11744,34788,11941,53322,971,5543,1124,5248,4557,20848,5289,21683,63,371,137096,137096,7642,16198
"세종특별자치시",75219,191233,12435,25304,11360,22720,74,223,30,98,518,1073,83,197,370,993,35728,121770,24509,90186,1825,4507,4825,11977,88,352,505,1518,331,1579,164,523,258,586,3223,10542,4141,19801,471,2699,333,1608,1648,7751,1689,7743,52,336,21889,21889,974,2133,90413,228923,13530,27597,12231,24462,89,269,44,149,587,1222,121,305,458,1190,43024,147722,30156,111093,2069,5067,5304,13049,112,448,554,1662,424,2003,155,503,255,569,3995,13328,4645,22306,540,3090,393,1875,1847,8705,1865,8636,50,318,27683,27683,1481,3297,104325,262951,15988,32514,14536,29072,86,259,37,118,687,1430,166,392,476,1243,50024,171237,35521,130536,2464,6055,6416,15864,97,388,582,1746,456,2160,205,665,293,652,3990,13171,4811,22977,547,3114,442,2130,1948,9169,1874,8564,64,394,31472,31472,1966,4357,119029,297681,18837,38265,17127,34254,99,299,50,159,865,1777,151,337,545,1439,57212,195306,41340,151518,2733,6662,7334,18012,92,368,632,1896,455,2143,226,735,303,675,4097,13297,4877,23051,507,2893,501,2407,1998,9369,1871,8382,46,274,35763,35763,2294,5022,129664,321495,21238,43052,19391,38782,111,336,43,137,997,2045,143,315,553,1437,62035,211185,45176,165216,2913,7068,8058,19698,95,380,675,2025,444,2098,208,674,320,707,4146,13319,4831,22625,487,2776,478,2270,1990,9332,1876,8247,42,246,39078,39078,2440,5309,139106,340173,22631,45810,20769,41538,111,335,41,131,1023,2103,146,315,541,1388,65667,223903,48553,177750,2924,7027,8402,20608,83,332,655,1965,417,1945,225,727,360,800,4048,12749,4462,20711,398,2269,457,2179,1813,8494,1794,7769,40,241,43577,43577,2729,5931,145295,353038,24216,48969,22249,44498,107,325,48,148,1098,2251,164,352,550,1395,68071,231911,50677,185518,3014,7224,8751,21397,87,348,649,1947,391,1826,259,825,375,828,3868,11998,4340,19970,377,2143,459,2192,1770,8269,1734,7366,22,129,45706,45706,2940,6353,154019,367161,25789,52129,23814,47628,99,300,45,147,1090,2231,154,332,587,1491,70021,237520,52359,190816,3150,7569,8927,21739,75,300,639,1917,365,1693,258,831,365,817,3883,11838,4288,19686,376,2153,452,2143,1756,8193,1704,7197,25,149,50561,50561,3335,7116
"경기도",4384742,11744210,696347,1418670,619835,1239670,4726,14285,1037,3244,43169,89530,3861,8279,23719,63662,2356448,7964549,1631540,5962840,125302,304587,350422,858473,4722,18914,25022,75222,22456,105340,9211,30020,14399,32789,173374,576364,255012,1213344,29904,171831,20618,97235,97579,458970,106911,485308,2558,16054,1026471,1026471,47906,105122,4484424,11930375,704419,1433425,628919,1257838,4616,13956,1080,3385,41903,86843,3706,7888,24195,63515,2394653,8079210,1662817,6062009,121414,293542,344362,836566,4880,19520,25909,77727,21520,100928,9448,30758,14010,31878,190293,626282,251891,1198221,30202,173237,21241,99946,97585,458264,102863,466774,2536,15820,1067916,1067916,63009,135783,4602950,12084893,743050,1511647,664375,1328750,4936,14912,1162,3636,43414,89847,4253,9116,24910,65386,2414608,8117384,1676157,6094457,122544,295130,348843,844531,4857,19428,25793,77379,21120,98784,9995,32530,14602,33100,190697,622045,244241,1155270,29178,167374,20811,97850,93621,438703,100631,451343,2294,14273,1124541,1124541,74216,161778,4751497,12281422,789364,1604941,707669,1415338,5059,15282,1186,3717,45078,93226,4441,9500,25931,67878,2444545,8182076,1694543,6143779,124210,298018,356464,858342,4705,18820,26040,78120,20339,94686,10240,33283,14897,33549,193107,623479,233923,1099473,26943,154450,20294,95183,89204,417270,97482,432570,2009,12384,1197586,1197586,84070,184962,4907660,12437493,839606,1706029,754023,1508046,5240,15836,1244,3870,47233,97455,4866,10432,27000,70390,2457362,8184788,1703405,6153922,125004,298604,361907,867822,4554,18216,26464,79392,19251,89420,10665,34579,15315,34366,190797,608467,222178,1036283,24784,141794,19385,90777,84375,393643,93634,410069,1746,10711,1290893,1290893,95875,208789,5098431,12693481,880658,1788666,790637,1581274,5421,16378,1253,3904,50675,104537,5254,11180,27418,71393,2493291,8293897,1732429,6260819,125069,298210,374956,898956,4238,16952,25347,76041,17935,83277,11131,36195,16269,36282,185917,587165,207109,958657,22391,128102,18325,85721,78050,363824,88343,381010,1505,9107,1406010,1406010,109858,237144,5290662,12872435,929979,1887826,835995,1671990,5412,16333,1337,4133,52760,108644,5982,12685,28493,74041,2494269,8262615,1730965,6236430,126102,299630,375787,895956,4207,16828,25571,76713,17543,81167,11411,36931,16835,37291,185848,581669,196034,900566,20299,116098,17631,82345,73492,341580,84612,360543,1277,7688,1543100,1543100,126003,270640,5406963,12907376,966040,1960167,871058,1742116,5470,16505,1342,4156,52817,108718,6191,13071,29162,75601,2481177,8159654,1715977,6144980,126221,297382,375616,888249,4215,16860,26191,78573,16708,77029,11422,36962,16900,37174,187927,582445,186965,852466,18487,105372,16964,79033,69300,320345,82214,347716,1213,7237,1634147,1634147,137421,293705
"강원도",606117,1429438,121843,247252,113099,226198,535,1610,111,339,3927,8114,403,845,3768,10146,252484,813731,149804,541033,16985,40516,45425,109553,894,3578,5841,17559,1610,7577,1944,6281,2757,6168,27224,81466,33837,158228,3793,21817,2247,10612,12394,57762,15403,68037,438,2702,189379,189379,8136,18146,616346,1438312,123075,249485,114451,228902,533,1605,121,374,3766,7813,400,845,3804,9946,252951,815765,152475,549348,16334,38625,42071,99925,903,3612,5843,17529,1565,7386,1871,6035,2632,5845,29257,87460,32390,151436,3825,22024,2263,10628,12082,56245,14220,62539,405,2529,197917,197917,9608,21180,620729,1433953,128081,259692,118888,237776,595,1793,140,431,3984,8249,495,1051,3979,10392,250922,804977,150202,539317,16277,38507,42234,99785,904,3616,5789,17367,1562,7299,1964,6337,2645,5848,29345,86901,30800,142903,3583,20563,2173,10190,11366,52758,13678,59392,389,2419,199645,199645,10892,24317,628484,1430877,132678,268919,123381,246762,634,1912,126,389,4035,8364,467,1001,4035,10491,249004,795106,148562,531972,16244,38150,42463,99834,871,3484,5681,17043,1456,6750,1891,6114,2637,5848,29199,85911,28984,133741,3304,18979,2082,9738,10584,48863,13014,56161,328,2000,206295,206295,11195,24816,633942,1428480,137377,278354,127825,255650,640,1928,146,459,4146,8603,519,1109,4101,10605,247335,786924,147407,526586,16128,37848,42681,100297,833,3332,5438,16314,1358,6242,1852,5991,2636,5831,29002,84483,27146,124254,2923,16759,1901,8856,9849,45342,12473,53297,291,1780,208857,208857,12936,28311,661039,1452695,142340,288185,132558,265116,632,1904,127,398,4441,9206,497,1051,4085,10510,248732,790416,149355,533850,15931,37300,43649,102542,748,2992,5259,15777,1275,5895,1847,5984,2693,5957,27975,80119,24623,111501,2478,14165,1765,8236,8946,41210,11434,47890,234,1412,231371,231371,13739,29810,674728,1452031,148204,300002,138036,276072,693,2092,120,367,4577,9462,555,1194,4223,10815,243987,772652,146401,522234,15916,37181,43456,101624,672,2688,5044,15132,1198,5503,1786,5764,2572,5640,26942,76886,22445,100821,2170,12363,1592,7414,8007,36707,10676,44337,218,1316,245012,245012,14862,32228,684895,1449402,152941,309647,142344,284688,692,2088,135,429,4674,9638,578,1234,4518,11570,240484,756585,143236,508668,15682,36366,43414,100841,679,2716,5184,15552,1157,5279,1741,5608,2431,5329,26960,76226,20940,93330,1919,10948,1476,6804,7292,33273,10253,42305,192,1133,254441,254441,15897,34266
"충청북도",601856,1484720,113970,231226,105338,210676,506,1527,100,305,4380,9125,356,742,3290,8851,272534,901146,173125,633440,17175,41831,44293,108140,809,3238,5129,15406,1831,8708,1702,5511,2388,5381,26082,79491,33788,159404,3750,21775,2416,11492,12937,60860,14685,65277,504,3137,173598,173598,7462,16209,617914,1498485,114614,232372,106191,212382,482,1457,121,381,4188,8738,327,708,3305,8706,274014,903907,174293,636505,16808,40666,43283,104796,797,3188,5143,15429,1728,8194,1666,5391,2231,5006,28065,84732,32329,152220,3591,20892,2403,11342,12358,58040,13977,61946,459,2879,187377,187377,9121,19730,629073,1504255,119449,242075,110606,221212,480,1452,120,377,4401,9159,382,811,3460,9064,272851,896968,173436,631811,16830,40534,43274,104458,782,3128,5006,15018,1711,8065,1699,5479,2295,5172,27818,83303,30855,145060,3462,20118,2371,11216,11632,54585,13390,59141,400,2522,195186,195186,10332,22444,640978,1507522,124400,251984,115337,230674,506,1528,95,303,4451,9233,408,873,3603,9373,271928,889902,172413,626302,16854,40387,43848,105429,773,3092,4774,14322,1611,7554,1634,5312,2266,5062,27755,82442,28867,134682,3107,17964,2183,10356,10861,50908,12716,55454,347,2145,204109,204109,11327,24700,654713,1508987,130120,263426,120706,241412,562,1696,119,372,4588,9497,469,993,3676,9456,269193,875847,170208,615876,16869,40090,43813,104696,723,2892,4889,14667,1520,7118,1634,5320,2241,4988,27296,80200,26938,124580,2857,16480,2077,9780,9971,46478,12033,51842,299,1840,215196,215196,12967,28098,678922,1525090,135540,274331,125731,251462,551,1660,137,424,4811,9969,506,1079,3804,9737,269217,874897,170798,618532,16698,39638,45090,107876,610,2440,4570,13710,1332,6221,1692,5501,2236,4973,26191,76006,23673,108080,2298,13268,1872,8782,8739,40552,10764,45478,219,1314,236208,236208,14065,30260,695611,1524574,142366,288088,132220,264440,556,1675,119,378,4962,10230,530,1128,3979,10237,263859,853025,167303,603798,16451,38837,44868,106733,572,2288,4493,13479,1223,5705,1647,5346,2309,5072,24993,71767,21441,97043,1978,11419,1699,7962,7709,35659,10055,42003,170,1017,252251,252251,15524,33150,704864,1519123,147038,297585,136502,273004,572,1726,122,372,5049,10414,570,1204,4223,10865,259822,833927,163758,587448,16190,38040,44448,104886,566,2264,4422,13266,1213,5645,1609,5213,2321,5045,25295,72120,19953,89668,1769,10181,1581,7393,7098,32713,9505,39381,141,826,260948,260948,16962,36169
"충청남도",796185,1946129,158445,321755,146693,293386,696,2103,140,447,5232,10844,536,1139,5148,13836,344949,1143186,217579,796667,21424,52113,52025,126934,1205,4822,7599,22833,2362,11186,2350,7669,3113,7021,37292,113941,45002,214429,5128,29940,3192,15159,16788,79078,19894,90252,703,4431,234513,234513,12573,27815,813730,1968372,158117,320913,146381,292762,690,2082,177,546,5088,10547,512,1089,5269,13887,349763,1157813,221966,811916,20747,50166,50845,122766,1201,4804,7640,22920,2223,10468,2245,7268,2992,6694,39904,120811,43324,206209,4974,29015,3183,15072,16357,76917,18810,85205,656,4175,247056,247056,14814,32206,834986,1991334,164608,334033,152275,304550,722,2184,174,536,5421,11208,622,1333,5394,14222,352390,1163768,224330,818966,21006,50720,51542,124284,1145,4580,7275,21825,2187,10308,2323,7505,3119,6993,39463,118587,40758,192876,4679,27247,3121,14730,15241,71542,17717,79357,552,3474,259727,259727,16951,37456,851124,1999391,170538,345937,157968,315936,746,2249,178,555,5508,11402,615,1305,5523,14490,353360,1161257,224472,817404,21079,50608,52655,126132,1101,4404,7219,21657,2116,9891,2263,7331,3020,6751,39435,117079,37934,178115,4111,23917,2907,13732,14128,66074,16788,74392,469,2920,270497,270497,18326,40665,864102,1997781,176162,357364,163054,326108,774,2335,186,587,5666,11743,674,1437,5808,15154,350766,1147166,222138,805935,21071,50473,53172,127115,1056,4224,7132,21396,1968,9231,2288,7420,2973,6617,38968,114755,35456,164955,3763,21798,2641,12487,12943,60309,16109,70361,391,2412,280773,280773,20554,45111,892222,2016582,182300,369506,168754,337508,809,2446,187,579,6063,12525,710,1506,5777,14942,350435,1144605,222995,809640,20880,50123,54199,129841,970,3880,6716,20148,1749,8139,2197,7095,3029,6698,37700,109041,31997,147294,3156,18241,2449,11506,11800,54891,14592,62656,310,1907,304973,304973,22207,48297,915634,2020843,189783,384637,175566,351132,881,2655,197,610,6355,13097,764,1629,6020,15514,344806,1121908,219295,794114,20981,50118,53831,128311,901,3604,6521,19563,1727,8039,2203,7127,3026,6644,36321,104388,28988,132412,2754,15916,2267,10633,10580,49076,13387,56787,277,1671,327432,327432,24348,52783,931370,2019123,196315,398008,181552,363104,918,2762,196,603,6456,13345,822,1760,6371,16434,340489,1098784,215461,774987,20757,49235,53692,126694,844,3376,6467,19401,1653,7653,2160,6914,2914,6355,36541,104169,27261,123304,2482,14285,2087,9804,9862,45402,12830,53813,240,1444,340741,340741,26324,56842
"전라북도",717311,1739048,142173,288608,130239,260478,621,1871,145,448,6149,12874,537,1163,4482,11774,314324,1033173,185516,684408,21774,53179,55652,137460,808,3234,5886,17714,2124,10246,2233,7301,3813,8545,36518,111086,38684,182941,3803,22072,2465,11726,14315,67832,18101,81311,540,3353,213750,213750,7840,17223,724678,1739587,140645,285328,128876,257752,594,1791,148,454,5919,12371,502,1088,4606,11872,314613,1030903,185165,681152,21079,50995,54527,133588,826,3304,5934,17802,2060,9907,2091,6816,3514,7829,39417,119510,37749,178424,3827,22169,2540,12097,14115,66662,17267,77496,517,3258,222201,222201,8953,19473,728871,1726114,145724,295698,133329,266658,609,1839,167,532,6195,12916,640,1401,4784,12352,310575,1014968,183536,673400,21039,50789,54403,132906,759,3036,5204,15612,1979,9467,2073,6752,3559,7975,38023,115031,34707,163566,3647,21122,2326,11100,12585,59445,16149,71899,411,2604,227600,227600,9854,21678,732980,1713101,149507,303413,136715,273430,636,1914,161,494,6370,13287,655,1420,4970,12868,307884,1000677,180840,661266,21055,50745,54772,133211,768,3072,5036,15108,1925,9172,2017,6562,3443,7698,38028,113843,32268,151426,3303,19141,2170,10308,11695,55080,15100,66897,337,2070,232587,232587,10397,22928,738307,1698324,154246,312878,141230,282460,629,1898,154,480,6387,13254,699,1496,5147,13290,303319,980748,177572,646558,20723,49852,54542,132249,712,2848,5028,15084,1858,8789,1977,6420,3252,7229,37655,111719,29672,137995,2953,17035,1996,9463,10493,49219,14230,62278,291,1798,238746,238746,12033,26159,755575,1701123,159410,323097,146062,292124,629,1900,159,489,6759,14064,661,1412,5140,13108,301729,973662,177346,646213,20320,48931,55592,134834,638,2552,4798,14394,1667,7876,1997,6491,3318,7343,36053,105028,26164,120153,2460,14240,1777,8398,9243,43388,12684,54127,215,1294,255269,255269,12788,27648,772471,1692259,165003,334307,151374,302748,624,1887,158,486,6902,14345,713,1511,5232,13330,293419,943575,172819,628019,20248,48590,54469,131488,593,2372,4554,13662,1572,7410,2008,6527,3212,7033,33944,98474,23419,106316,2037,11733,1626,7739,8193,38228,11563,48616,197,1166,276153,276153,14280,30742,777680,1673107,169406,343271,155295,310590,652,1969,177,547,7012,14519,719,1531,5551,14115,286023,911686,167024,602990,19798,47121,53674,128254,534,2136,4516,13548,1511,7061,1938,6256,3209,6981,33819,97339,22023,99289,1869,10740,1549,7309,7511,34865,11094,46375,174,1039,284613,284613,15441,33209
"전라남도",720612,1700563,158147,320854,147297,294594,571,1722,150,475,4754,9961,463,1017,4912,13085,294003,951629,162877,598119,22079,53893,48841,119504,1029,4118,7337,22053,1900,9058,2606,8464,4190,9425,43144,126995,39108,183198,3685,21325,2065,9858,12813,60321,20545,91694,744,4528,218864,218864,9746,21490,727197,1696549,157367,319134,146412,292824,591,1785,130,404,4743,9908,471,1051,5020,13162,293735,947370,163051,596686,21353,51479,47705,115737,1004,4016,7158,21474,1814,8628,2432,7853,3950,8817,45268,132680,37324,174735,3671,21328,2141,10181,12346,57972,19166,85254,718,4503,227225,227225,10828,23582,733757,1690118,162825,330234,151302,302604,622,1875,151,471,4904,10227,580,1284,5266,13773,291447,935487,161405,588461,21469,51739,47833,115607,975,3900,6716,20148,1693,8062,2452,7931,3880,8626,45024,131013,34680,161622,3479,20130,2014,9573,11383,53436,17804,78483,653,4010,232022,232022,12130,26743,737406,1683700,166122,336869,154174,308348,630,1902,144,453,5110,10670,629,1402,5435,14094,289925,928144,160484,584060,21378,51405,47945,115424,916,3664,6451,19353,1678,7955,2287,7405,3888,8591,44898,130287,32522,150903,3124,18075,2010,9528,10644,49936,16744,73364,539,3285,235062,235062,13236,29437,741026,1674433,169514,343756,157377,314754,624,1890,184,570,5088,10637,646,1398,5595,14507,287027,915527,159002,576345,21476,51709,47589,114258,889,3556,6235,18705,1560,7357,2249,7265,3713,8187,44314,128145,30603,140801,2744,15833,1834,8685,9895,46201,16130,70082,459,2777,238147,238147,15276,33425,761518,1685958,173818,352326,161202,322404,647,1956,164,515,5472,11447,660,1442,5673,14562,287745,917602,161609,586635,21485,51662,48511,116604,719,2876,5695,17085,1369,6444,2373,7654,3885,8543,42099,120099,26999,122648,2187,12572,1565,7402,8666,40511,14581,62163,333,1955,256633,256633,15990,34794,777358,1681752,179851,364563,166583,333166,690,2082,164,517,5668,11822,743,1596,6003,15380,282011,896794,158530,574545,21291,51272,48481,116226,638,2552,5403,16209,1396,6519,2303,7392,3812,8358,40157,113721,23847,107341,1830,10569,1448,6884,7493,34911,13076,54977,270,1568,274108,274108,17271,37378,784645,1670748,182905,370898,169136,338272,716,2164,164,509,5739,11950,781,1679,6369,16324,277355,876233,154960,558601,20860,49957,48172,114816,620,2480,5308,15924,1333,6218,2202,7083,3729,8113,40171,113041,22089,98582,1622,9367,1354,6465,6948,32139,12165,50611,226,1293,283429,283429,18641,40313
"경상북도",1062724,2508964,226368,458565,211976,423952,884,2670,227,708,6484,13338,723,1529,6074,16368,443819,1435803,275220,988667,27451,65224,68864,164344,1570,6284,11008,33077,2738,12858,3002,9694,4644,10252,49322,145403,54666,254466,5929,33936,3467,16206,20806,96238,24464,108086,901,5624,322569,322569,14401,31937,1076581,2514237,225533,456372,211557,423114,873,2633,197,611,6138,12646,658,1393,6110,15975,445306,1437446,276576,992066,26754,63117,67102,158740,1567,6268,10822,32466,2604,12212,2797,9015,4305,9476,52779,154086,52418,244046,5738,32880,3518,16459,20245,93492,22917,101215,833,5213,336547,336547,15944,34613,1087807,2505817,233190,471766,218688,437376,906,2732,230,720,6430,13223,799,1724,6137,15991,440580,1418174,274107,981453,26667,62793,67159,158308,1446,5784,10032,30096,2457,11457,2864,9238,4276,9420,51572,149625,48843,226330,5475,31401,3337,15568,18689,86309,21342,93052,696,4333,346998,346998,17500,38216,1094534,2491796,239384,484277,224370,448740,906,2727,217,676,6613,13594,795,1706,6483,16834,437105,1401545,270760,967108,26758,62894,67844,159663,1361,5444,9602,28806,2350,10925,2783,8992,4088,8987,51559,148726,45108,207937,4862,27924,3113,14566,17069,78800,20064,86647,594,3643,353702,353702,18641,40692,1102934,2477500,247405,500269,232279,464558,921,2771,243,762,6561,13462,824,1766,6577,16950,431279,1375791,265641,945633,26716,62442,67909,159288,1343,5372,9366,28098,2218,10310,2789,9008,4042,8882,51255,146758,41909,191325,4278,24567,2864,13360,15651,71939,19116,81459,505,3087,360213,360213,21623,46815,1131819,2483041,256431,518206,240813,481626,915,2753,234,723,7042,14482,809,1713,6618,16909,427307,1361443,265210,945047,26234,61265,69184,162545,1140,4560,8796,26388,1904,8765,2721,8788,4034,8804,48084,135281,36404,164056,3488,20001,2467,11431,13629,62507,16820,70117,376,2247,388791,388791,22510,48298,1156645,2477239,266258,538205,250014,500028,1004,3028,213,658,7308,15014,844,1791,6875,17686,415887,1321423,258203,918610,25767,60225,68471,160320,1034,4136,8385,25155,1815,8325,2626,8479,3903,8503,45683,127670,32653,145830,2954,16916,2263,10503,12136,55424,15300,62987,310,1807,416697,416697,24840,53277,1166306,2454688,272484,550934,255401,510802,1046,3151,245,765,7542,15467,872,1867,7378,18882,405786,1280252,249602,883064,25515,59262,67463,157013,1053,4212,8181,24543,1779,8120,2515,8106,3813,8280,45865,127652,30246,134104,2574,14746,2147,9945,10977,49970,14548,59443,273,1565,430969,430969,26548,56864
"경상남도",1258487,3144487,234073,474330,217094,434188,1127,3409,229,711,8390,17358,786,1701,6447,16963,597631,1978745,397021,1442140,35400,85800,90146,217732,1329,5326,10370,31187,4063,19234,2751,8927,4841,10855,51710,157544,66830,312386,6581,37970,4601,21703,26938,125918,28710,126795,777,4782,346754,346754,12422,27490,1273523,3151514,236045,478081,219048,438096,1100,3324,214,668,8127,16781,729,1561,6827,17651,599470,1978172,397389,1439791,34772,83533,88588,212434,1329,5316,10167,30501,3884,18283,2605,8420,4473,9976,56263,169918,64668,301841,6556,37749,4748,22383,26236,122329,27128,119380,685,4197,358430,358430,14225,30793,1292998,3157124,247593,501225,229917,459834,1153,3475,229,709,8538,17628,844,1825,6912,17754,598988,1969458,398085,1437995,35113,84376,89224,213085,1273,5092,9471,28413,3726,17452,2688,8703,4499,9961,54909,164381,59947,278601,6171,35488,4453,20983,24063,112197,25260,109933,584,3573,370293,370293,15593,33974,1306394,3155135,255651,517352,237770,475540,1132,3413,219,683,8610,17745,856,1845,7064,18126,597536,1957602,395848,1426910,34879,83335,90592,215672,1213,4852,9184,27552,3537,16528,2693,8713,4475,9856,55115,164184,56505,261370,5743,33013,4281,20143,22416,104308,24065,103906,505,3109,379719,379719,16478,35983,1321213,3141767,266094,538265,248008,496016,1117,3369,231,716,8552,17601,904,1936,7282,18627,590972,1925557,390869,1403373,34549,82077,90905,215635,1177,4708,9001,27003,3238,15063,2628,8500,4408,9758,54197,159440,52583,241405,5131,29467,4077,19139,20558,95270,22817,97529,423,2591,391421,391421,19720,42528,1350155,3148113,275181,556323,256661,513322,1070,3233,224,691,9137,18831,867,1858,7222,18388,589812,1918463,391875,1407537,34250,81237,93373,221655,1039,4156,8422,25266,2813,12997,2558,8265,4324,9558,51158,147792,46119,208856,4177,23943,3557,16703,17976,83241,20409,84969,304,1802,417737,417737,21002,44932,1378982,3136673,287252,580805,267649,535298,1221,3692,238,739,9613,19747,990,2153,7541,19176,575763,1865809,381975,1368122,33791,80063,92292,218228,982,3928,8069,24207,2809,12957,2564,8263,4287,9421,48994,140620,41800,187878,3602,20642,3311,15510,16061,74123,18826,77603,247,1459,450490,450490,23430,50232,1392608,3106225,297503,601520,277483,554966,1307,3950,246,761,9483,19475,1033,2216,7951,20152,561866,1806742,369759,1316472,33203,77950,91177,213977,971,3884,8181,24543,2753,12647,2502,8056,4206,9219,49114,139994,39047,174238,3220,18381,3117,14566,14867,68271,17843,73020,213,1251,468772,468772,25207,53702
"제주특별자치도",220369,575873,37113,75700,33157,66314,205,620,26,79,2159,4552,162,347,1404,3788,106207,359563,64163,242102,7765,19418,18924,47812,309,1238,1366,4108,863,4226,574,1868,939,2099,11304,36692,14631,72191,1723,10214,919,4520,4931,24016,7058,33441,251,1630,58446,58446,3721,8343,229337,592486,37237,75848,33259,66518,192,581,32,100,2094,4400,166,360,1494,3889,109218,368632,65758,247257,7678,19076,19031,47602,333,1332,1463,4389,874,4251,552,1795,829,1869,12700,41061,14710,72391,1748,10399,961,4722,5003,24259,6998,33011,230,1522,62841,62841,5101,11252,240215,607777,39617,80668,35430,70860,223,678,40,122,2210,4643,193,420,1521,3945,111180,373214,66531,249176,7843,19457,19583,48789,336,1344,1449,4347,832,4043,538,1743,861,1931,13207,42384,14389,70362,1691,10021,981,4813,4893,23599,6824,31929,216,1405,68738,68738,6075,13390,248998,619848,41831,85146,37407,74814,224,675,42,127,2311,4851,219,484,1628,4195,113343,378593,67466,251898,8011,19763,20269,50277,335,1340,1510,4530,864,4150,560,1827,880,1979,13448,42829,13787,67074,1583,9381,920,4516,4608,22184,6676,30993,199,1280,73250,73250,6588,14505,253716,623447,43641,88804,39122,78244,233,703,47,144,2328,4865,213,460,1698,4388,113828,378161,67719,251585,7968,19555,20621,50976,311,1244,1474,4422,825,3939,561,1828,880,1962,13469,42650,13163,63543,1457,8641,921,4463,4358,20872,6427,29567,173,1116,75353,75353,7558,16470,263068,632545,45581,92679,40986,81972,233,704,49,152,2405,5055,208,456,1700,4340,115864,383645,69423,257742,7965,19517,21472,53163,288,1152,1561,4683,746,3572,588,1886,904,2050,12917,39880,11930,56882,1245,7386,877,4254,4102,19604,5706,25638,124,794,81855,81855,7714,16690,271162,637155,47753,97056,42969,85938,252,761,61,191,2482,5212,253,532,1736,4422,115026,379493,68929,255167,7975,19481,21664,53584,253,1012,1513,4539,701,3330,574,1866,923,2093,12494,38421,11259,53275,1180,6954,837,4030,3796,18112,5446,24179,114,690,88683,88683,8327,17958,276225,638690,49705,101129,44625,89250,255,771,62,192,2567,5379,270,581,1926,4956,114270,374050,68014,250132,7864,19076,21721,53275,267,1068,1572,4716,690,3256,570,1846,982,2191,12590,38490,10898,51236,1100,6473,859,4127,3633,17189,5306,23447,107,646,92172,92172,9073,19457
